USE projectdb_test;

INSERT INTO `user` (`id`,`username`,`auth_key`,`password_hash`,`password_reset_token`,`email`,`status`,`created_at`,`updated_at`,`verification_token`) VALUES (1,'admin','kRs5VPhVgDbGSXz4cmFmq7iG-pSlDznv','$2y$13$Y3yAXe808CR3K1oKLzqOwOznVbZqyxBYSD3gfzVda3YSCdlS.65bO',NULL,'admin@admin.pt',10,1636374808,1636374808,NULL);
INSERT INTO `auth_assignment` (`item_name`,`user_id`,`created_at`) VALUES ('admin','1',1636374808);
INSERT INTO `user_info` (`primeiro_nome`, `ultimo_nome`, `user_id`) VALUES ('Administrador', 'Padrão', '1');

INSERT INTO `user` (`id`,`username`,`auth_key`,`password_hash`,`password_reset_token`,`email`,`status`,`created_at`,`updated_at`,`verification_token`) VALUES (2,'test','A9tHuhhESlLO6vissncxak0bWWNyOJnL','$2y$13$y3LwtLXEKJlgyT.00ay.reI0u6Lr7X63qt8o4jCX4LL4Y3OhRMc0y',NULL,'test@gmail.com',10,1640172013,1640172013,NULL);
INSERT INTO `auth_assignment` (`item_name`,`user_id`,`created_at`) VALUES ('user','2',1640172013);
INSERT INTO `user_info` (`primeiro_nome`, `ultimo_nome`, `user_id`) VALUES ('Gabriel','Iuri','2');

INSERT INTO `user` (`id`,`username`,`auth_key`,`password_hash`,`password_reset_token`,`email`,`status`,`created_at`,`updated_at`,`verification_token`) VALUES (3,'moderador','rH2H6lvcOmxEidKvBrJ4XsTyKXc_Qsvi','$2y$13$N2.2hz1DRd6gty8Kl15.Ku6V4q9hCYvRQHKjzlLpLNM8us144V8DG',NULL,'moderador@moderador.com',10,1640176079,1640176079,NULL);
INSERT INTO `auth_assignment` (`item_name`,`user_id`,`created_at`) VALUES ('moderador','3',1640176079);
INSERT INTO `user_info` (`primeiro_nome`, `ultimo_nome`, `user_id`) VALUES ('moderador','mod',3);

INSERT INTO `user` (`id`,`username`,`auth_key`,`password_hash`,`password_reset_token`,`email`,`status`,`created_at`,`updated_at`,`verification_token`) VALUES (4,'gabriel','wpvSoVPduEh99HYs95yZo_0P6tETHEPB','$2y$13$BIDG55tJzV7DTm9CT.A1g.1QyLZe1eFNYXsc38uOkwvzhKm/sWEl6',NULL,'gabriel@mail.pt',10,1640259753,1640259753,NULL);
INSERT INTO `auth_assignment` (`item_name`,`user_id`,`created_at`) VALUES ('user','4',1640259753);
INSERT INTO `user_info` (`primeiro_nome`, `ultimo_nome`, `user_id`) VALUES ('Gabriel','Silva',4);

INSERT INTO `user` (`id`,`username`,`auth_key`,`password_hash`,`password_reset_token`,`email`,`status`,`created_at`,`updated_at`,`verification_token`) VALUES (5,'iuri','IL4wPHi0LMCGPs5Jc3dzt7xRQjSOKbKG','$2y$13$.YVWTEbgp/zmVVgHrNIqxuLnhGnqd69emltAcizIpBTRQBFGrFT6.',NULL,'iuri@mail.pt',10,1640259816,1640259816,NULL);
INSERT INTO `auth_assignment` (`item_name`,`user_id`,`created_at`) VALUES ('user','5',1640259816);
INSERT INTO `user_info` (`primeiro_nome`, `ultimo_nome`, `user_id`) VALUES ('Iuri','Carrasqueiro',5);

INSERT INTO ciclismo (id,nome_percurso,duracao,distancia,velocidade_media,velocidade_maxima,data_treino,user_id) VALUES (1,'Percurso de teste',500,900,10.1,20.4,'2021-12-22 18:30:41',2);
INSERT INTO ciclismo (id,nome_percurso,duracao,distancia,velocidade_media,velocidade_maxima,data_treino,user_id) VALUES (2,'Percurso de Foz a torres',4379,17421,14.0958,30.537,'2021-12-12 12:24:38',2);
INSERT INTO ciclismo (id,nome_percurso,duracao,distancia,velocidade_media,velocidade_maxima,data_treino,user_id) VALUES (3,'Percurso volta',41091,7056,9.5,16.2,'2021-12-24 08:12:42',4);
INSERT INTO ciclismo (id,nome_percurso,duracao,distancia,velocidade_media,velocidade_maxima,data_treino,user_id) VALUES (4,'Percurso Torres Vedras',6012,900,10.1,20.4,'2021-12-21 14:30:01',5);
INSERT INTO ciclismo (id,nome_percurso,duracao,distancia,velocidade_media,velocidade_maxima,velocidade_grafico,rota,data_treino,user_id) VALUES (5,'test 10 minutos',600,953,5.79835,8.10661,'[5.16,5.21,5.25,5.32,5.42,5.5,5.53,5.54,5.58,5.59,5.64,5.69,5.67,5.69,5.67,5.61,5.6,5.6,5.66,5.7,5.67,5.68,5.67,5.66,5.65,6.47,7.05,6.64,6.39,6.14,5.96,5.89,5.81,5.78,5.82,5.85,5.8,5.81,5.92,5.99,6.06,6.14,6.18,6.21,6.28,6.34,6.38,6.43,6.43,6.45,6.46,6.43,6.41,6.43,6.47,6.52,7.42,8.01,7.58,7.28,6.23,5.36,5.52,5.6,4.88,4.04,4.21,4.82,5.36,5.74,6.03,6.25,6.42,6.59,6.75,7.5,8.11,7.64,7.24,7.08,6.18,5.44,5.71,6.23,6.33,6.35,6.38,6.34,6.45,6.55,6.59,6.54,6.37,5.37,4.71,4.91,5.15,5.52,5.82,5.97,6.02,6.16,6.25,6.34,6.54,6.61,6.62,6.87,6.96,6.93,6.95,6.83,6.73,6.77,6.88,6.71,6.74,6.88,6.88,7.27,7.45,7.6,7.58,7.43,7.27,7.38,7.51,7.23,6.83,7.45,7.08,5.9,5.82,5.71,5.69,5.66,5.64,5.57,5.52,5.48,5.45,5.43,5.38,5.43,5.51,5.51,4.71,5.07,6.12,5.96,5.05,4.38,4.71,5.0,5.23,5.6,6.96,6.84,5.63,5.59,5.55,5.52,5.47,6.5,7.24,6.87,6.68,6.43,6.22,5.95,6.92,6.85,5.7,5.66,4.68,3.97,4.27,4.57,4.84,5.08,5.3,5.48,5.64,5.67,5.72,5.79,5.87,6.1,6.22,6.33,6.41,6.45,6.5,6.58,6.53,6.47,6.41,6.32,6.28,6.24,6.17,6.17,6.19,6.23,6.26,6.26,6.26,6.32,6.34,6.37,6.41,6.42,5.65,5.18,5.67,5.82,5.94,6.03,6.02,5.95,5.88,5.79,5.74,5.74,4.88,4.26,4.6,4.91,5.16,5.29,5.41,5.5,5.52,5.51,5.48,5.46,5.45,5.45,5.45,5.43,5.44,5.41,5.46,5.56,5.55,4.71,4.08,4.4,4.68,4.98,5.28,5.48,5.68,5.89,6.04,6.19,6.32,6.39,6.43,6.45,6.52,6.54,6.54,6.59,6.62,6.63,6.68,6.74,6.75,6.73,6.74,6.78,6.71,6.59,6.45,6.27,6.15,6.07,6.01,5.93,5.87,5.82,5.79,5.82,5.79,5.75,5.73,5.69,5.68,5.67,5.63,5.58,5.53,5.54,5.55,5.53,5.52,5.5,5.48,5.44,5.41,5.41,5.39,5.39,5.42,5.53,5.65,5.65,5.64,5.64,5.62,5.63,5.65,5.66,5.61,5.58,5.58,5.56,5.61,5.66,5.62,5.59,5.58,5.53,5.49,5.5,5.5,5.47,5.46,5.52,5.55,5.55,5.35,4.38,3.81,4.13,4.48,4.85,4.32,3.9,4.47,4.95,5.27,5.52,5.7,5.83,5.95,6.03,6.12,6.19,6.29,6.35,6.38,6.45,6.51,6.55,6.56,6.59,6.6,6.61,6.6,6.62,6.68,6.73,6.79,6.9,6.95,6.88,6.76,6.63,6.5,6.35,6.22,6.12,5.99,5.87,5.79,5.75,5.71,5.66,5.61,5.58,5.59,5.59,5.56,5.54,5.52,5.53,5.57,5.55,5.48,5.46,5.44,5.43,5.48,5.5,5.51,5.52,5.55,5.58,5.6,5.75,5.79,4.86,4.24,4.63,4.92,5.14,5.31,5.42,5.49,5.51,5.52,5.54,5.56,5.62,5.61,5.56,5.66,5.7,5.64,5.58,5.63,5.73,5.66,5.58,4.75,4.16,4.59,4.9,5.09,5.22,5.31,5.39,5.43,5.53,5.61,5.61,5.59,5.59,5.62,5.64,5.64,5.6,5.6,5.65,5.72,5.79,5.84,5.92,6.01,6.09,6.19,6.25,6.26,6.31,6.4,6.42,6.36,6.33,6.25,6.17,6.12,6.05,5.96,5.85,5.82,5.79,5.74,5.74,6.6,6.33,5.27,6.17,6.8,6.43,6.15,5.95,5.86,5.79,5.72,5.66,5.61,5.59,5.57,5.59,5.66,5.68,4.87,4.26,4.65,5.0,4.49,4.11,4.68,5.17,5.57,5.88,6.04,6.23,6.39,6.46,6.54,6.62,6.68,6.71,6.78,6.77,6.66,6.58,7.37,7.0,5.74,5.55,5.44,5.46,5.55,5.57,5.55,4.74,4.11,4.49,4.81,5.01,5.13,5.23,5.3,5.35,5.37,5.44,5.49,5.5,5.54,5.52,5.51,5.53,5.48,5.45,5.48,5.47,5.43,5.41,5.42,5.43,5.38,5.37,5.38,5.37,5.37,5.43,5.47,5.46,5.42,5.41,5.42,5.44,5.43,5.38,5.37,5.43,5.48,5.5,5.5,5.45,5.44,5.44,5.42,5.43,5.39,5.36,5.37,5.43,5.42,4.54,4.01,4.43,4.72,4.96,5.15,5.3,5.37,6.23,6.02,5.03,5.16,5.24,5.32,5.35,5.36,5.38,5.37,5.42,5.46,5.44,5.41,5.38,5.39,5.41,5.39,5.44,5.5]', 'eohpiAvhbtPU?w^HBdSdFEB~FC_GeFDCeSv]I|JCMwWoKpAW?U@]?a@?a@@[?[?W@W?U?Y?]@i@?e@@_@?_@?[@[?W?W@U?S?Q?M?I@I?M?S?_@?o@@]?cFDB|G?L?J?L?P?R?T?R@X?Z?^@nE}BBm@@k@@i@?[@W?U@O?O?]@O?Q?]@G?Q?U?U@U?W?Y?[?Y@Y?[?]?[@[?_@?[?Y?_@@_@?_@?_@@]?_@?[?c@@c@?a@?_@?_@@[?[?]?]@a@?G?I?M?Q?Q?S@S?U?S?S?W@Y?[?Y?W?W@S?U?U?W?U@S?U?W?W?Y?W@W?W?U?S?U@S?W?Y?Y?_@@_@?_@?c@?Y@Y?S?Q?Q?_Bq@Qi@Me@EM????yBKB}C@]?g@@c@?a@?]@Y?Q?M?K@O?O?U?U@Q?U?W@W?g@@e@?e@@u@@s@?o@@m@@ID]Da@Dc@B[D[D]D_@JcAJaAHy@Hu@PeBJ]V_AT{@Rw@Tu@Ru@Po@Le@J_@N]Pa@Pc@Pc@Na@Pa@Pa@N]N_@N]L[N_@Pa@L[Pa@Pe@Pa@N_@N[L]Pa@Pa@Pa@Rg@Re@N_@L]N]L[N]N_@Pa@N_@N]N]L[JYP_@N_@JYLWHUFOHS@?@CBIFMFMFSDKDIFMFQPa@Re@N_@Pa@N_@N_@N_@^{@Zu@Xs@Vo@Xo@Xq@Vo@FQJUJWLYLYJYJWN[L[L[L[L[N[L[Xs@Vo@Vk@Tk@Rg@Rc@Pe@Pa@Pa@L]N[Na@P_@Na@Pa@N_@Pa@N_@P_@L]L[N]L[L[N[L[L[L]N]N]JY\\qB?[@]?_@?A?K?W?W?[?[?]@_@?sAtADXEXCZC^GXKZKVKXK~@q@TYTYTYRWd@k@PQd@Y`@U\\U^SZQZSZQZQZS\\SZQZSZQVOXOXQXOZMXIXKTIXKTITIVIRGVKVIXKTIXIXKXKZKZKZM\\KZKZM\\KXKZK\\MZKZMZKZKXKXIXKXKZKf@MXGZEVGZEXGVERCNCTEVG\\EHCJAJCLCPCPCPERCTETETEVEXEZGVIXKXIXKXKVIXIXKXIZMZKZK^K^M^Mt@Wr@Un@Sh@Sf@Ob@Ob@M^M\\M\\KZMZIZMZKZIZKVKZKXIZKXKZKZKXKVIXKZIVKZKXIXKZKZKRI\\KZKXITIVIXKZKXIZMZKZIZKXKZKZK\\M\\K\\M\\K\\KXKZK\\MXIZKTIVIVIVKZIXKZK\\MZKZK\\KZKZK\\MXI\\MZK\\KFCJCHENELEPGTITGTITIVITIVIn@Ul@Qf@Qf@Qb@M^Mb@O\\K\\M^MZK\\KXK^M^MZK\\K\\M^M\\KZKXKXIZKVIVKXIVIZMB?DCFAJELEPGPGVITGTIVKXIXKXIXKZKVIXKXIZKbB`@f@^d@^`@Z`@X^XRiHZKXIZIVIXIXIVIRGXIVIXKXIZIXIZKb@MRG\\I\\KZKZIZIZIVIXIXIXIVIXGTITGVGVIRGVGTIPE??VQVQVOTOTOVQTMTQTOTOVONKNORURSRURQPSTUPQRU^_@??LQNSNUPURYRWRYV[RYPWPUPWPWRWPWRWPUPWRYPWRWPUPWPURW@CBE', '2022-01-05 14:28:47',5);

INSERT INTO publicacao (id,createtime,ciclismo_id) VALUES (1,'2021-12-22 19:10:30',1);
INSERT INTO publicacao (id,createtime,ciclismo_id) VALUES (2,'2021-12-25 01:27:09',3);

INSERT INTO comentario (id,content,createtime,publicacao_id,user_id) VALUES (1,'comentário de teste','2021-12-22 20:13:10',1,4);
INSERT INTO comentario (id,content,createtime,publicacao_id,user_id) VALUES (2,'comentário','2021-12-23 12:15:00',1,5);
INSERT INTO comentario (id,content,createtime,publicacao_id,user_id) VALUES (3,'comentário do moderador','2021-12-22 17:15:00',1,3);
INSERT INTO comentario (id,content,createtime,publicacao_id,user_id) VALUES (4,'Bom Treino!','2021-12-26 23:11:51',2,3);

INSERT INTO gosto (id,publicacao_id,user_id) VALUES (1,1,2);
INSERT INTO gosto (id,publicacao_id,user_id) VALUES (2,1,3);
INSERT INTO gosto (id,publicacao_id,user_id) VALUES (3,1,4);
INSERT INTO gosto (id,publicacao_id,user_id) VALUES (4,2,2);